{"cameraMode":{"drawMode":0,"name":"Shaded","section":"Shading Mode"},"sceneLighting":true,"audioPlay":false,"sceneViewState":{"showFog":true,"showMaterialUpdate":false,"showSkybox":true,"showFlares":true,"showImageEffects":true,"showParticleSystems":true,"showVisualEffectGraphs":true,"m_FxEnabled":true},"in2DMode":false,"pivot":{"x":0.6287622451782227,"y":2.217151641845703,"z":0.5079009532928467},"rotation":{"x":0.07516973465681076,"y":-0.9042161703109741,"z":0.17859213054180146,"w":0.38059109449386599},"size":4.030776023864746,"orthographic":false}