{"cameraMode":{"drawMode":0,"name":"Shaded","section":"Shading Mode"},"sceneLighting":true,"audioPlay":false,"sceneViewState":{"showFog":true,"showMaterialUpdate":false,"showSkybox":true,"showFlares":true,"showImageEffects":true,"showParticleSystems":true,"showVisualEffectGraphs":true,"m_FxEnabled":true},"in2DMode":false,"pivot":{"x":9.082898139953614,"y":0.8880934715270996,"z":4.627471446990967},"rotation":{"x":-0.007460799999535084,"y":-0.9401676058769226,"z":-0.02089894749224186,"w":0.3401285707950592},"size":0.23898082971572877,"orthographic":false}